n,repeat,structure,time_ms,ns_per_record
1000,1,heap_file,16.184000,16184.000
1000,1,sequential_file,52.208900,52208.900
1000,2,sequential_file,41.234600,41234.600
1000,2,heap_file,10.025700,10025.700
1000,3,heap_file,11.572400,11572.400
1000,3,sequential_file,48.752400,48752.400
10000,1,heap_file,306.761300,30676.130
10000,1,sequential_file,778.531100,77853.110
10000,2,sequential_file,622.852600,62285.260
10000,2,heap_file,79.930700,7993.070
10000,3,heap_file,171.564600,17156.460
10000,3,sequential_file,666.222300,66622.230
100000,1,heap_file,1928.849100,19288.491
100000,1,sequential_file,4092.969400,40929.694
100000,2,sequential_file,8366.278200,83662.782
100000,2,heap_file,2243.829800,22438.298
100000,3,heap_file,2303.982700,23039.827
100000,3,sequential_file,6897.724000,68977.240
