n,repeat,structure,phase,deleted_records,time_ms
1000,1,heap_file,delete_with_page_compaction,350,3.764400
1000,1,sequential_file,lazy_delete,350,5.520600
1000,1,sequential_file,reorganize,350,0.000000
1000,1,sequential_file,delete_plus_reorganize,350,5.520600
1000,2,heap_file,delete_with_page_compaction,350,4.997400
1000,2,sequential_file,lazy_delete,350,6.198500
1000,2,sequential_file,reorganize,350,0.000000
1000,2,sequential_file,delete_plus_reorganize,350,6.198500
1000,3,heap_file,delete_with_page_compaction,350,25.386900
1000,3,sequential_file,lazy_delete,350,10.998000
1000,3,sequential_file,reorganize,350,4.297500
1000,3,sequential_file,delete_plus_reorganize,350,15.295500
10000,1,heap_file,delete_with_page_compaction,3500,69.788100
10000,1,sequential_file,lazy_delete,3500,133.354800
10000,1,sequential_file,reorganize,3500,21.031700
10000,1,sequential_file,delete_plus_reorganize,3500,154.386500
10000,2,heap_file,delete_with_page_compaction,3500,90.285600
10000,2,sequential_file,lazy_delete,3500,111.614600
10000,2,sequential_file,reorganize,3500,16.251200
10000,2,sequential_file,delete_plus_reorganize,3500,127.865800
10000,3,heap_file,delete_with_page_compaction,3500,65.646300
10000,3,sequential_file,lazy_delete,3500,132.380200
10000,3,sequential_file,reorganize,3500,15.363700
10000,3,sequential_file,delete_plus_reorganize,3500,147.743900
100000,1,heap_file,delete_with_page_compaction,35000,867.653100
100000,1,sequential_file,lazy_delete,35000,967.082500
100000,1,sequential_file,reorganize,35000,220.117100
100000,1,sequential_file,delete_plus_reorganize,35000,1187.199600
100000,2,heap_file,delete_with_page_compaction,35000,916.014100
100000,2,sequential_file,lazy_delete,35000,1149.681700
100000,2,sequential_file,reorganize,35000,118.177500
100000,2,sequential_file,delete_plus_reorganize,35000,1267.859200
100000,3,heap_file,delete_with_page_compaction,35000,907.993600
100000,3,sequential_file,lazy_delete,35000,1251.712100
100000,3,sequential_file,reorganize,35000,105.024400
100000,3,sequential_file,delete_plus_reorganize,35000,1356.736500
