n,repeat,structure,total_bytes,main_bytes,overflow_bytes,bytes_per_record
1000,1,heap_file,69632,69632,0,69.632
1000,1,sequential_file,77686,56936,20750,77.686
1000,2,sequential_file,77264,60996,16268,77.264
1000,2,heap_file,69632,69632,0,69.632
1000,3,heap_file,69632,69632,0,69.632
1000,3,sequential_file,78398,77236,1162,78.398
10000,1,heap_file,684032,684032,0,68.403
10000,1,sequential_file,754288,739016,15272,75.429
10000,2,sequential_file,756031,739016,17015,75.603
10000,2,heap_file,684032,684032,0,68.403
10000,3,heap_file,684032,684032,0,68.403
10000,3,sequential_file,753292,739016,14276,75.329
100000,1,heap_file,6828032,6828032,0,68.280
100000,1,sequential_file,7698379,5805896,1892483,76.984
100000,2,sequential_file,7698628,5805896,1892732,76.986
100000,2,heap_file,6828032,6828032,0,68.280
100000,3,heap_file,6828032,6828032,0,68.280
100000,3,sequential_file,7659880,6183476,1476404,76.599
