n,tecnica,consulta,valor_ms,resultados_promedio,construccion_ms,espacio_bytes
1000,Secuencial,radio1,0.161152935,4.145,0,0
1000,Secuencial,radio5,0.20814031,90.11,0,0
1000,Secuencial,radio10,0.136879865,300.775,0,0
1000,Secuencial,knn10,0.14691176,10,0,0
1000,Secuencial,knn50,0.187370715,50,0,0
1000,Secuencial,knn100,0.254971285,100,0,0
1000,R-Tree,construccion,1.05359,0,1.05359,53240
1000,R-Tree,radio1,0.0047448099999999995,4.145,1.05359,53240
1000,R-Tree,radio5,0.021446220000000002,90.11,1.05359,53240
1000,R-Tree,radio10,0.050489990000000005,300.775,1.05359,53240
1000,R-Tree,knn10,0.01103804,10,1.05359,53240
1000,R-Tree,knn50,0.022978465,50,1.05359,53240
1000,R-Tree,knn100,0.040862855,100,1.05359,53240
1000,GiST (PostgreSQL),construccion,3.858,0,3.858,155648
1000,GiST (PostgreSQL),radio1,0.1801949999999999,4.145,3.858,155648
1000,GiST (PostgreSQL),radio5,0.254645,90.11,3.858,155648
1000,GiST (PostgreSQL),radio10,0.32120999999999994,300.775,3.858,155648
1000,GiST (PostgreSQL),knn10,0.12869499999999998,10,3.858,155648
1000,GiST (PostgreSQL),knn50,0.18383499999999997,50,3.858,155648
1000,GiST (PostgreSQL),knn100,0.2625600000000002,100,3.858,155648
10000,Secuencial,radio1,1.2471697849999999,40.845,0,0
10000,Secuencial,radio5,1.355047615,903.26,0,0
10000,Secuencial,radio10,1.23287074,3008.01,0,0
10000,Secuencial,knn10,1.38754277,10,0,0
10000,Secuencial,knn50,1.99530716,50,0,0
10000,Secuencial,knn100,2.63329987,100,0,0
10000,R-Tree,construccion,17.459218,0,17.459218,507872
10000,R-Tree,radio1,0.015481045,40.845,17.459218,507872
10000,R-Tree,radio5,0.185149615,903.26,17.459218,507872
10000,R-Tree,radio10,0.481498225,3008.01,17.459218,507872
10000,R-Tree,knn10,0.01466153,10,17.459218,507872
10000,R-Tree,knn50,0.030856659999999998,50,17.459218,507872
10000,R-Tree,knn100,0.049175735,100,17.459218,507872
10000,GiST (PostgreSQL),construccion,54.773,0,54.773,1400832
10000,GiST (PostgreSQL),radio1,0.23513500000000007,40.845,54.773,1400832
10000,GiST (PostgreSQL),radio5,0.8632949999999997,903.26,54.773,1400832
10000,GiST (PostgreSQL),radio10,2.0931550000000008,3008.01,54.773,1400832
10000,GiST (PostgreSQL),knn10,0.16100499999999995,10,54.773,1400832
10000,GiST (PostgreSQL),knn50,0.19179500000000002,50,54.773,1400832
10000,GiST (PostgreSQL),knn100,0.278985,100,54.773,1400832
100000,Secuencial,radio1,12.15085001,415.35,0,0
100000,Secuencial,radio5,11.855951045,9018.13,0,0
100000,Secuencial,radio10,11.719053975,29974.105,0,0
100000,Secuencial,knn10,13.374898485000001,10,0,0
100000,Secuencial,knn50,19.41939556,50,0,0
100000,Secuencial,knn100,25.631705755,100,0,0
100000,R-Tree,construccion,225.159232,0,225.159232,5398128
100000,R-Tree,radio1,0.10396338,415.35,225.159232,5398128
100000,R-Tree,radio5,1.5758964700000002,9018.13,225.159232,5398128
100000,R-Tree,radio10,5.166381315,29974.105,225.159232,5398128
100000,R-Tree,knn10,0.02310312,10,225.159232,5398128
100000,R-Tree,knn50,0.043891295000000004,50,225.159232,5398128
100000,R-Tree,knn100,0.074212185,100,225.159232,5398128
100000,GiST (PostgreSQL),construccion,765.358,0,765.358,14188544
100000,GiST (PostgreSQL),radio1,0.8270650000000002,415.35,765.358,14188544
100000,GiST (PostgreSQL),radio5,6.837490000000002,9018.13,765.358,14188544
100000,GiST (PostgreSQL),radio10,18.234680000000004,29974.105,765.358,14188544
100000,GiST (PostgreSQL),knn10,0.18138,10,765.358,14188544
100000,GiST (PostgreSQL),knn50,0.21904999999999994,50,765.358,14188544
100000,GiST (PostgreSQL),knn100,0.284115,100,765.358,14188544
