n,tecnica,construccion_ms,carga_sin_indice_ms,coste_indice_ms,igualdad_us,rango_us,ordenado_ms,churn_us,disco_bytes,memoria_bytes,altura,nodos
1000,B+ agrupado,8.876955,2.422158,6.454797000000001,8.91728,418.0631428571428,0.507525,381.0009166666667,33326,89136,2,40
1000,B+ no agrupado,6.499426,2.422158,4.077268,2.6431299999999998,24.205285714285715,1.965285,232.42332,139328,72640,2,26
1000,Hash dinámico,3.628166,2.422158,1.2060079999999997,0.23015999999999998,263.7072857142857,1.151011,8.364460000000001,135232,77768,0,46
10000,B+ agrupado,184.553361,52.309246,132.244115,10.54231,5004.89719047619,5.248582,4558.709125,330227,765856,3,415
10000,B+ no agrupado,49.3713,52.309246,-2.9379460000000037,4.017939999999999,435.307,32.020396,3016.377304666667,1388608,719784,3,264
10000,Hash dinámico,43.050882,52.309246,-9.258364,0.32455,3504.4984285714286,17.216775,45.265167999999996,1323072,779144,0,465
100000,B+ agrupado,2453.270411,364.391389,2088.879022,12.507725,51780.753142857146,69.392529,53704.77495833333,3300227,7877872,4,4158
100000,B+ no agrupado,686.510973,364.391389,322.11958400000003,3.77077,3718.139666666667,316.902535,31764.081416466666,13877312,7351592,4,2562
100000,Hash dinámico,418.853842,364.391389,54.46245299999998,1.053495,29513.72980952381,215.611348,361.7552734,13213760,7879416,0,4564
