n,repeat,structure,total_ms,index_bytes
1000,1,bplus_clustered,22.868600,73728
1000,1,bplus_unclustered,27.833100,73728
1000,1,extendible_hash,260.298700,98304
1000,2,bplus_unclustered,10.462500,73728
1000,2,extendible_hash,242.713300,98304
1000,2,bplus_clustered,8.401100,73728
1000,3,extendible_hash,172.080900,98304
1000,3,bplus_clustered,15.765100,73728
1000,3,bplus_unclustered,11.362500,73728
10000,1,bplus_clustered,106.348400,671744
10000,1,bplus_unclustered,76.742200,671744
10000,1,extendible_hash,1975.429500,1056768
10000,2,bplus_unclustered,102.427500,671744
10000,2,extendible_hash,3473.702900,1056768
10000,2,bplus_clustered,88.024600,671744
10000,3,extendible_hash,3834.638600,1056768
10000,3,bplus_clustered,162.905600,671744
10000,3,bplus_unclustered,202.682700,671744
100000,1,bplus_clustered,1167.184600,6615040
100000,1,bplus_unclustered,1879.267200,6615040
100000,1,extendible_hash,30485.976400,8699904
100000,2,bplus_unclustered,1884.845400,6615040
100000,2,extendible_hash,33041.921900,8699904
100000,2,bplus_clustered,1321.839200,6615040
100000,3,extendible_hash,31041.723500,8699904
100000,3,bplus_clustered,1106.510100,6615040
100000,3,bplus_unclustered,1687.194000,6615040
