n,repeat,structure,queries,total_ms,avg_us
1000,1,bplus_clustered,1000,146.404000,146.404000
1000,1,bplus_unclustered,1000,185.322700,185.322700
1000,1,extendible_hash,1000,61.818800,61.818800
1000,2,bplus_unclustered,1000,116.058700,116.058700
1000,2,extendible_hash,1000,49.525200,49.525200
1000,2,bplus_clustered,1000,115.057500,115.057500
1000,3,extendible_hash,1000,75.170700,75.170700
1000,3,bplus_clustered,1000,125.186700,125.186700
1000,3,bplus_unclustered,1000,159.318800,159.318800
10000,1,bplus_clustered,1000,486.137100,486.137100
10000,1,bplus_unclustered,1000,709.930100,709.930100
10000,1,extendible_hash,1000,198.221300,198.221300
10000,2,bplus_unclustered,1000,546.945300,546.945300
10000,2,extendible_hash,1000,233.718100,233.718100
10000,2,bplus_clustered,1000,512.454300,512.454300
10000,3,extendible_hash,1000,183.323000,183.323000
10000,3,bplus_clustered,1000,492.294800,492.294800
10000,3,bplus_unclustered,1000,465.387900,465.387900
100000,1,bplus_clustered,1000,439.412200,439.412200
100000,1,bplus_unclustered,1000,442.167500,442.167500
100000,1,extendible_hash,1000,228.646300,228.646300
100000,2,bplus_unclustered,1000,385.117800,385.117800
100000,2,extendible_hash,1000,178.167000,178.167000
100000,2,bplus_clustered,1000,365.255700,365.255700
100000,3,extendible_hash,1000,166.668500,166.668500
100000,3,bplus_clustered,1000,355.570500,355.570500
100000,3,bplus_unclustered,1000,369.259800,369.259800
