n,repeat,structure,mode,total_ms
1000,1,bplus_clustered,native_index_order,10.381100
1000,1,bplus_unclustered,native_index_order,3.605400
1000,1,extendible_hash,heap_scan_plus_sort,0.000000
1000,2,bplus_unclustered,native_index_order,4.531100
1000,2,extendible_hash,heap_scan_plus_sort,0.000000
1000,2,bplus_clustered,native_index_order,12.086300
1000,3,extendible_hash,heap_scan_plus_sort,0.000000
1000,3,bplus_clustered,native_index_order,12.426900
1000,3,bplus_unclustered,native_index_order,0.000000
10000,1,bplus_clustered,native_index_order,355.580400
10000,1,bplus_unclustered,native_index_order,203.551300
10000,1,extendible_hash,heap_scan_plus_sort,14.841300
10000,2,bplus_unclustered,native_index_order,200.032500
10000,2,extendible_hash,heap_scan_plus_sort,18.692000
10000,2,bplus_clustered,native_index_order,367.538200
10000,3,extendible_hash,heap_scan_plus_sort,11.444200
10000,3,bplus_clustered,native_index_order,345.620300
10000,3,bplus_unclustered,native_index_order,200.192900
100000,1,bplus_clustered,native_index_order,2263.902500
100000,1,bplus_unclustered,native_index_order,1937.968300
100000,1,extendible_hash,heap_scan_plus_sort,108.342700
100000,2,bplus_unclustered,native_index_order,1900.508100
100000,2,extendible_hash,heap_scan_plus_sort,113.226600
100000,2,bplus_clustered,native_index_order,2064.300400
100000,3,extendible_hash,heap_scan_plus_sort,99.029900
100000,3,bplus_clustered,native_index_order,2294.073500
100000,3,bplus_unclustered,native_index_order,1975.922500
