n,repeat,structure,mode,queries,range_width,selectivity,total_ms,avg_ms
1000,1,bplus_clustered,native_index,100,10,0.010000,17.841400,0.178414
1000,1,bplus_unclustered,native_index,100,10,0.010000,18.951900,0.189519
1000,1,extendible_hash,heap_scan_fallback,100,10,0.010000,17.985200,0.179852
1000,2,bplus_unclustered,native_index,100,10,0.010000,26.860000,0.268600
1000,2,extendible_hash,heap_scan_fallback,100,10,0.010000,25.280900,0.252809
1000,2,bplus_clustered,native_index,100,10,0.010000,16.084200,0.160842
1000,3,extendible_hash,heap_scan_fallback,100,10,0.010000,15.493800,0.154938
1000,3,bplus_clustered,native_index,100,10,0.010000,15.779000,0.157790
1000,3,bplus_unclustered,native_index,100,10,0.010000,15.251700,0.152517
10000,1,bplus_clustered,native_index,100,100,0.010000,356.474400,3.564744
10000,1,bplus_unclustered,native_index,100,100,0.010000,232.503500,2.325035
10000,1,extendible_hash,heap_scan_fallback,100,100,0.010000,433.847300,4.338473
10000,2,bplus_unclustered,native_index,100,100,0.010000,233.526100,2.335261
10000,2,extendible_hash,heap_scan_fallback,100,100,0.010000,421.568300,4.215683
10000,2,bplus_clustered,native_index,100,100,0.010000,405.429900,4.054299
10000,3,extendible_hash,heap_scan_fallback,100,100,0.010000,418.235000,4.182350
10000,3,bplus_clustered,native_index,100,100,0.010000,419.088200,4.190882
10000,3,bplus_unclustered,native_index,100,100,0.010000,235.814500,2.358145
100000,1,bplus_clustered,native_index,100,1000,0.010000,2419.307800,24.193078
100000,1,bplus_unclustered,native_index,100,1000,0.010000,2246.061100,22.460611
100000,1,extendible_hash,heap_scan_fallback,100,1000,0.010000,3694.883800,36.948838
100000,2,bplus_unclustered,native_index,100,1000,0.010000,1980.556400,19.805564
100000,2,extendible_hash,heap_scan_fallback,100,1000,0.010000,3892.428000,38.924280
100000,2,bplus_clustered,native_index,100,1000,0.010000,2306.666600,23.066666
100000,3,extendible_hash,heap_scan_fallback,100,1000,0.010000,3658.007700,36.580077
100000,3,bplus_clustered,native_index,100,1000,0.010000,2144.123700,21.441237
100000,3,bplus_unclustered,native_index,100,1000,0.010000,2119.941200,21.199412
