n,repeat,structure,operation,operations,total_ms,avg_us
1000,1,bplus_clustered,insert,1000,8169.554900,8169.554900
1000,1,bplus_clustered,delete,1000,7799.044600,7799.044600
1000,1,bplus_unclustered,insert,1000,7365.731300,7365.731300
1000,1,bplus_unclustered,delete,1000,6953.604700,6953.604700
1000,1,extendible_hash,insert,1000,142.860900,142.860900
1000,1,extendible_hash,delete,1000,221.077700,221.077700
1000,2,bplus_unclustered,insert,1000,8944.661000,8944.661000
1000,2,bplus_unclustered,delete,1000,14649.083200,14649.083200
1000,2,extendible_hash,insert,1000,477.451000,477.451000
1000,2,extendible_hash,delete,1000,405.505100,405.505100
1000,2,bplus_clustered,insert,1000,9450.197900,9450.197900
1000,2,bplus_clustered,delete,1000,6803.461500,6803.461500
1000,3,extendible_hash,insert,1000,158.601100,158.601100
1000,3,extendible_hash,delete,1000,142.185100,142.185100
1000,3,bplus_clustered,insert,1000,6234.668300,6234.668300
1000,3,bplus_clustered,delete,1000,8160.440500,8160.440500
1000,3,bplus_unclustered,insert,1000,8287.739400,8287.739400
1000,3,bplus_unclustered,delete,1000,9916.348900,9916.348900
10000,1,bplus_clustered,insert,1000,11186.436500,11186.436500
10000,1,bplus_clustered,delete,1000,10458.019400,10458.019400
10000,1,bplus_unclustered,insert,1000,9806.007400,9806.007400
10000,1,bplus_unclustered,delete,1000,11851.164800,11851.164800
10000,1,extendible_hash,insert,1000,321.145800,321.145800
10000,1,extendible_hash,delete,1000,504.205200,504.205200
10000,2,bplus_unclustered,insert,1000,10645.692700,10645.692700
10000,2,bplus_unclustered,delete,1000,11825.982300,11825.982300
10000,2,extendible_hash,insert,1000,429.329300,429.329300
10000,2,extendible_hash,delete,1000,279.045300,279.045300
10000,2,bplus_clustered,insert,1000,12502.012500,12502.012500
10000,2,bplus_clustered,delete,1000,12697.259000,12697.259000
10000,3,extendible_hash,insert,1000,375.653700,375.653700
10000,3,extendible_hash,delete,1000,354.725900,354.725900
10000,3,bplus_clustered,insert,1000,10257.743800,10257.743800
10000,3,bplus_clustered,delete,1000,10213.535900,10213.535900
10000,3,bplus_unclustered,insert,1000,10535.477800,10535.477800
10000,3,bplus_unclustered,delete,1000,11617.493000,11617.493000
100000,1,bplus_clustered,insert,1000,14820.970100,14820.970100
100000,1,bplus_clustered,delete,1000,13700.473000,13700.473000
100000,1,bplus_unclustered,insert,1000,13716.724000,13716.724000
100000,1,bplus_unclustered,delete,1000,15357.582900,15357.582900
100000,1,extendible_hash,insert,1000,350.041100,350.041100
100000,1,extendible_hash,delete,1000,321.273100,321.273100
100000,2,bplus_unclustered,insert,1000,11630.348000,11630.348000
100000,2,bplus_unclustered,delete,1000,18232.010600,18232.010600
100000,2,extendible_hash,insert,1000,436.629700,436.629700
100000,2,extendible_hash,delete,1000,368.471200,368.471200
100000,2,bplus_clustered,insert,1000,15763.859600,15763.859600
100000,2,bplus_clustered,delete,1000,15748.780700,15748.780700
100000,3,extendible_hash,insert,1000,469.826400,469.826400
100000,3,extendible_hash,delete,1000,398.145100,398.145100
100000,3,bplus_clustered,insert,1000,13533.359500,13533.359500
100000,3,bplus_clustered,delete,1000,14128.941900,14128.941900
100000,3,bplus_unclustered,insert,1000,14106.279700,14106.279700
100000,3,bplus_unclustered,delete,1000,15620.620100,15620.620100
